<?xml version="1.0" encoding="UTF-8" ?>
<pageDefinition xmlns="http://xmlns.oracle.com/adfm/uimodel" version="12.2.1.0.31"
                id="AppModule_VJurpersonViewResources" Package="com.pocapp.enoro.model.am1.rest.vv"
                usageMode="RESTClient">
  <parameters/>
  <executables>
    <variableIterator id="variables"/>
    <iterator Binds="VJurpersonView1" RangeSize="5" DataControl="AppModuleDataControl" id="VJurpersonView1Iter"/>
  </executables>
  <bindings>
    <tree IterBinding="VJurpersonView1Iter" id="customer" AccessorFolder="Always">
      <nodeDefinition DefName="com.pocapp.enoro.model.am1.vo.VJurpersonView"
                      Name="com.pocapp.enoro.model.am1.vo.VJurpersonView">
        <Accessors>
          <Item Value="VKontraktView"/>
        </Accessors>
      </nodeDefinition>
      <nodeDefinition DefName="com.pocapp.enoro.model.am1.vo.VKontraktView"
                      Name="com.pocapp.enoro.model.am1.vo.VKontraktView"/>
    </tree>
  </bindings>
</pageDefinition>
