<?xml version="1.0" encoding="windows-1252"?>
<faces-config version="2.1" xmlns="http://java.sun.com/xml/ns/javaee">
  <application>
    <default-render-kit-id>oracle.adf.rich</default-render-kit-id>
    <locale-config>
      <default-locale>en</default-locale>
      <supported-locale>en</supported-locale>
      <supported-locale>no</supported-locale>
    </locale-config>
    <resource-bundle>
      <base-name>com.pocapp.enoro.view.resources.tf_customerWizardBundle</base-name>
      <var>tf_cw_b</var>
    </resource-bundle>
  </application>
</faces-config>