<?xml version="1.0" encoding="UTF-8" ?>
<pageDefinition xmlns="http://xmlns.oracle.com/adfm/uimodel" version="12.2.1.0.31" id="customerPageDef"
                Package="fragments.tf_customer">
  <parameters/>
  <executables>
    <variableIterator id="variables"/>
    <iterator Binds="VJurpersonView1" RangeSize="25" DataControl="AppModuleDataControl" id="VJurpersonView1Iterator"/>
    <iterator Binds="VJurpersonAdresseView2" RangeSize="25" DataControl="AppModuleDataControl"
              id="VJurpersonAdresseView2Iterator"/>
    <iterator Binds="VJurpersonFinancialView2" RangeSize="25" DataControl="AppModuleDataControl"
              id="VJurpersonFinancialView2Iterator"/>
    <iterator Binds="VJurpersonDialogueView2" RangeSize="25" DataControl="AppModuleDataControl"
              id="VJurpersonDialogueView2Iterator"/>
    <searchRegion Binds="VJurpersonDialogueView2Iterator" Criteria=""
                  Customizer="oracle.jbo.uicli.binding.JUSearchBindingCustomizer" id="VJurpersonDialogueView2Query"/>
    <iterator Binds="VKontraktView3" RangeSize="25" DataControl="AppModuleDataControl" id="VKontraktView3Iterator"/>
    <searchRegion Binds="VKontraktView3Iterator" Criteria=""
                  Customizer="oracle.jbo.uicli.binding.JUSearchBindingCustomizer" id="VKontraktView3Query"/>
    <iterator Binds="VReskontroView2" RangeSize="25" DataControl="AppModuleDataControl" id="VReskontroView2Iterator"/>
    <searchRegion Binds="VReskontroView2Iterator" Criteria=""
                  Customizer="oracle.jbo.uicli.binding.JUSearchBindingCustomizer" id="VReskontroView2Query"/>
    <iterator Binds="VJurpersonConsumptionView2" RangeSize="-1" DataControl="AppModuleDataControl"
              id="VJurpersonConsumptionView2Iterator"/>
    <iterator Binds="VJurpersonKontraktCntView2" RangeSize="25" DataControl="AppModuleDataControl"
              id="VJurpersonKontraktCntView2Iterator"/>
  </executables>
  <bindings>
    <attributeValues IterBinding="VJurpersonView1Iterator" id="Jurpersonid">
      <AttrNames>
        <Item Value="Jurpersonid"/>
      </AttrNames>
    </attributeValues>
    <attributeValues IterBinding="VJurpersonView1Iterator" id="Fornamn">
      <AttrNames>
        <Item Value="Fornamn"/>
      </AttrNames>
    </attributeValues>
    <attributeValues IterBinding="VJurpersonView1Iterator" id="Etternamn">
      <AttrNames>
        <Item Value="Etternamn"/>
      </AttrNames>
    </attributeValues>
    <attributeValues IterBinding="VJurpersonView1Iterator" id="Foodseldato">
      <AttrNames>
        <Item Value="Foodseldato"/>
      </AttrNames>
    </attributeValues>
    <attributeValues IterBinding="VJurpersonView1Iterator" id="Foretaksnr">
      <AttrNames>
        <Item Value="Foretaksnr"/>
      </AttrNames>
    </attributeValues>
    <action IterBinding="VJurpersonView1Iterator" id="First" RequiresUpdateModel="true" Action="first"/>
    <action IterBinding="VJurpersonView1Iterator" id="Previous" RequiresUpdateModel="true" Action="previous"/>
    <action IterBinding="VJurpersonView1Iterator" id="Next" RequiresUpdateModel="true" Action="next"/>
    <action IterBinding="VJurpersonView1Iterator" id="Last" RequiresUpdateModel="true" Action="last"/>
    <attributeValues IterBinding="VJurpersonAdresseView2Iterator" id="Adresse">
      <AttrNames>
        <Item Value="Adresse"/>
      </AttrNames>
    </attributeValues>
    <attributeValues IterBinding="VJurpersonAdresseView2Iterator" id="Postboksnr">
      <AttrNames>
        <Item Value="Postboksnr"/>
      </AttrNames>
    </attributeValues>
    <attributeValues IterBinding="VJurpersonAdresseView2Iterator" id="Postnr">
      <AttrNames>
        <Item Value="Postnr"/>
      </AttrNames>
    </attributeValues>
    <attributeValues IterBinding="VJurpersonAdresseView2Iterator" id="Poststad">
      <AttrNames>
        <Item Value="Poststad"/>
      </AttrNames>
    </attributeValues>
    <attributeValues IterBinding="VJurpersonAdresseView2Iterator" id="Landnavn">
      <AttrNames>
        <Item Value="Landnavn"/>
      </AttrNames>
    </attributeValues>
    <attributeValues IterBinding="VJurpersonFinancialView2Iterator" id="Kundesaldo">
      <AttrNames>
        <Item Value="Kundesaldo"/>
      </AttrNames>
    </attributeValues>
    <attributeValues IterBinding="VJurpersonFinancialView2Iterator" id="Kundeinkasso">
      <AttrNames>
        <Item Value="Kundeinkasso"/>
      </AttrNames>
    </attributeValues>
    <attributeValues IterBinding="VJurpersonFinancialView2Iterator" id="Kundeavskriving">
      <AttrNames>
        <Item Value="Kundeavskriving"/>
      </AttrNames>
    </attributeValues>
    <attributeValues IterBinding="VJurpersonFinancialView2Iterator" id="Kredittvurdering">
      <AttrNames>
        <Item Value="Kredittvurdering"/>
      </AttrNames>
    </attributeValues>
    <attributeValues IterBinding="VJurpersonFinancialView2Iterator" id="Internrating">
      <AttrNames>
        <Item Value="Internrating"/>
      </AttrNames>
    </attributeValues>
    <tree IterBinding="VJurpersonDialogueView2Iterator" id="VJurpersonDialogueView2">
      <nodeDefinition DefName="com.pocapp.enoro.model.am1.vo.VJurpersonDialogueView" Name="VJurpersonDialogueView20">
        <AttrNames>
          <Item Value="Kilde"/>
          <Item Value="Loggdatotidny"/>
          <Item Value="Emne"/>
        </AttrNames>
      </nodeDefinition>
    </tree>
    <tree IterBinding="VKontraktView3Iterator" id="VKontraktView3">
      <nodeDefinition DefName="com.pocapp.enoro.model.am1.vo.VKontraktView" Name="VKontraktView30">
        <AttrNames>
          <Item Value="Kontraktnr"/>
          <Item Value="Maalepktnr"/>
          <Item Value="Resknr"/>
          <Item Value="Valstatus"/>
          <Item Value="Kontrgrnr"/>
          <Item Value="Avrpuljenr"/>
          <Item Value="Kontrretur"/>
          <Item Value="Kontroppseiingdato"/>
        </AttrNames>
      </nodeDefinition>
    </tree>
    <tree IterBinding="VReskontroView2Iterator" id="VReskontroView2">
      <nodeDefinition DefName="com.pocapp.enoro.model.am1.vo.VReskontroView" Name="VReskontroView20">
        <AttrNames>
          <Item Value="Resknr"/>
          <Item Value="Reskgrpnr"/>
          <Item Value="Saldo"/>
        </AttrNames>
      </nodeDefinition>
    </tree>
    <tree IterBinding="VJurpersonConsumptionView2Iterator" id="VJurpersonConsumptionView2" ChangeEventPolicy="ppr">
      <nodeDefinition DefName="com.pocapp.enoro.model.am1.vo.VJurpersonConsumptionView"
                      Name="VJurpersonConsumptionView2">
        <AttrNames>
          <Item Value="Consumption"/>
          <Item Value="Week"/>
        </AttrNames>
      </nodeDefinition>
    </tree>
    <attributeValues IterBinding="VJurpersonKontraktCntView2Iterator" id="Straum">
      <AttrNames>
        <Item Value="Straum"/>
      </AttrNames>
    </attributeValues>
    <attributeValues IterBinding="VJurpersonKontraktCntView2Iterator" id="Breiband">
      <AttrNames>
        <Item Value="Breiband"/>
      </AttrNames>
    </attributeValues>
    <attributeValues IterBinding="VJurpersonKontraktCntView2Iterator" id="Videoleige">
      <AttrNames>
        <Item Value="Videoleige"/>
      </AttrNames>
    </attributeValues>
    <attributeValues IterBinding="VJurpersonKontraktCntView2Iterator" id="Fjernvarme">
      <AttrNames>
        <Item Value="Fjernvarme"/>
      </AttrNames>
    </attributeValues>
    <list IterBinding="VJurpersonView1Iterator" StaticList="false" Uses="LOV_Jurtype" id="Jurtype1"
          DTSupportsMRU="true" SelectItemValueMode="ListObject"/>
  </bindings>
</pageDefinition>
