<?xml version="1.0" encoding="windows-1252" ?>
<adf-config xmlns="http://xmlns.oracle.com/adf/config" xmlns:config="http://xmlns.oracle.com/bc4j/configuration"
            xmlns:adf="http://xmlns.oracle.com/adf/config/properties"
            xmlns:sec="http://xmlns.oracle.com/adf/security/config">
  <adf-adfm-config xmlns="http://xmlns.oracle.com/adfm/config">
    <defaults changeEventPolicy="ppr" useBindVarsForViewCriteriaLiterals="true" useBindValuesInFindByKey="true"
              mapNegativeScaleToIntegerTypes="true" executeEmptyOnException="true" iteratorRowValidationFlag="false"/>
    <startup>
      <amconfig-overrides>
        <config:Database jbo.locking.mode="optimistic"/>
      </amconfig-overrides>
    </startup>
    <versions>
      <version name="V101" displayName="V1.0.1"/>
      <version name="vv" displayName="vv"/>
    </versions>
  </adf-adfm-config>
  <adf:adf-properties-child xmlns="http://xmlns.oracle.com/adf/config/properties">
    <adf-property name="adfAppUID" value="POCApp.com.pocapp.enoro"/>
  </adf:adf-properties-child>
  <sec:adf-security-child xmlns="http://xmlns.oracle.com/adf/security/config">
    <CredentialStoreContext credentialStoreClass="oracle.adf.share.security.providers.jps.CSFCredentialStore"
                            credentialStoreLocation="../../src/META-INF/jps-config.xml"/>
  </sec:adf-security-child>
</adf-config>
