<References xmlns="http://xmlns.oracle.com/adf/jndi">
  <Reference name="poc-db" className="oracle.jdeveloper.db.adapter.DatabaseProvider" credentialStoreKey="poc-db"
             xmlns="">
    <Factory className="oracle.jdevimpl.db.adapter.DatabaseProviderFactory1212"/>
    <RefAddresses>
      <StringRefAddr addrType="oraDriverType">
        <Contents>thin</Contents>
      </StringRefAddr>
      <StringRefAddr addrType="hostname">
        <Contents>141.144.33.124</Contents>
      </StringRefAddr>
      <SecureRefAddr addrType="password"/>
      <StringRefAddr addrType="subtype">
        <Contents>oraJDBC</Contents>
      </StringRefAddr>
      <StringRefAddr addrType="port">
        <Contents>1521</Contents>
      </StringRefAddr>
      <StringRefAddr addrType="serviceName">
        <Contents>pdb1.noenoroas.oraclecloud.internal</Contents>
      </StringRefAddr>
      <StringRefAddr addrType="user">
        <Contents>adf</Contents>
      </StringRefAddr>
    </RefAddresses>
  </Reference>
</References>