<?xml version="1.0" encoding="windows-1252" ?>
<!DOCTYPE ViewLink SYSTEM "jbo_03_01.dtd">
<!---->
<ViewLink
  xmlns="http://xmlns.oracle.com/bc4j"
  Name="CJurpersonDialogueJpidLink"
  Version="12.2.1.0.31"
  InheritPersonalization="merge"
  EntityAssociation="com.pocapp.enoro.model.am1.eo.CJurpersonDialogueJpidAssoc">
  <ViewLinkDefEnd
    Name="VJurpersonView"
    Cardinality="1"
    Source="true"
    Owner="com.pocapp.enoro.model.am1.vo.VJurpersonView">
    <DesignTime>
      <Attr Name="_isUpdateable" Value="true"/>
      <Attr Name="_finderName" Value="VJurpersonView"/>
    </DesignTime>
    <AttrArray Name="Attributes">
      <Item Value="com.pocapp.enoro.model.am1.vo.VJurpersonView.Jurpersonid"/>
    </AttrArray>
  </ViewLinkDefEnd>
  <ViewLinkDefEnd
    Name="VJurpersonDialogueView"
    Cardinality="-1"
    Owner="com.pocapp.enoro.model.am1.vo.VJurpersonDialogueView">
    <DesignTime>
      <Attr Name="_isUpdateable" Value="true"/>
      <Attr Name="_finderName" Value="VJurpersonDialogueView"/>
    </DesignTime>
    <AttrArray Name="Attributes">
      <Item Value="com.pocapp.enoro.model.am1.vo.VJurpersonDialogueView.Jurpersonid"/>
    </AttrArray>
  </ViewLinkDefEnd>
</ViewLink>
