<?xml version="1.0" encoding="windows-1252" ?>
<!DOCTYPE ViewLink SYSTEM "jbo_03_01.dtd">
<!---->
<ViewLink
  xmlns="http://xmlns.oracle.com/bc4j"
  Name="CKontraktAvrpuljeLink"
  Version="12.2.1.0.31"
  InheritPersonalization="merge"
  EntityAssociation="com.pocapp.enoro.model.am1.eo.CKontraktAvrpuljeAssoc">
  <ViewLinkDefEnd
    Name="VAvrpuljeView"
    Cardinality="1"
    Source="true"
    Owner="com.pocapp.enoro.model.am1.vo.VAvrpuljeView">
    <DesignTime>
      <Attr Name="_isUpdateable" Value="true"/>
      <Attr Name="_finderName" Value="VAvrpuljeView"/>
    </DesignTime>
    <AttrArray Name="Attributes">
      <Item Value="com.pocapp.enoro.model.am1.vo.VAvrpuljeView.Avrpuljenr"/>
    </AttrArray>
  </ViewLinkDefEnd>
  <ViewLinkDefEnd
    Name="VKontraktView"
    Cardinality="-1"
    Owner="com.pocapp.enoro.model.am1.vo.VKontraktView">
    <DesignTime>
      <Attr Name="_isUpdateable" Value="true"/>
      <Attr Name="_finderName" Value="VKontraktView"/>
    </DesignTime>
    <AttrArray Name="Attributes">
      <Item Value="com.pocapp.enoro.model.am1.vo.VKontraktView.Avrpuljenr"/>
    </AttrArray>
  </ViewLinkDefEnd>
</ViewLink>
