<?xml version="1.0" encoding="windows-1252" ?>
<!DOCTYPE ViewObject SYSTEM "jbo_03_01.dtd">
<!---->
<ViewObject
  xmlns="http://xmlns.oracle.com/bc4j"
  Name="VJurpersonView"
  Version="12.2.1.0.31"
  InheritPersonalization="merge"
  SelectListFlags="1"
  FromListFlags="1"
  WhereFlags="1"
  BindingStyle="OracleName"
  CustomQuery="false"
  SelectAllAttributes="false"
  PageIterMode="Full">
  <ViewAccessor
    Name="VJurtypeView1"
    ViewObjectName="com.pocapp.enoro.model.am1.vo.VJurtypeView"
    RowLevelBinds="true"/>
  <ListBinding
    Name="LOV_Jurtype"
    ListVOName="VJurtypeView1"
    ListRangeSize="-1"
    NullValueFlag="none"
    MRUCount="0">
    <AttrArray Name="AttrNames">
      <Item Value="Jurtype"/>
    </AttrArray>
    <AttrArray Name="AttrExpressions"/>
    <AttrArray Name="ListAttrNames">
      <Item Value="Jurtype"/>
    </AttrArray>
    <AttrArray Name="ListDisplayAttrNames">
      <Item Value="Jurtypenamn"/>
    </AttrArray>
    <DisplayCriteria/>
  </ListBinding>
  <EntityUsage
    Name="VJurperson"
    Entity="com.pocapp.enoro.model.am1.eo.VJurperson"/>
  <ViewAttribute
    Name="Jurpersonid"
    IsNotNull="true"
    PrecisionRule="true"
    EntityAttrName="Jurpersonid"
    EntityUsage="VJurperson"
    AliasName="JURPERSONID">
    <Properties>
      <SchemaBasedProperties>
        <DISPLAYWIDTH
          Value="20"/>
      </SchemaBasedProperties>
    </Properties>
  </ViewAttribute>
  <ViewAttribute
    Name="Jurtype"
    PrecisionRule="true"
    EntityAttrName="Jurtype"
    EntityUsage="VJurperson"
    AliasName="JURTYPE"
    LOVName="LOV_Jurtype">
    <Properties>
      <SchemaBasedProperties>
        <DISPLAYWIDTH
          Value="20"/>
        <CONTROLTYPE
          Value="choice"/>
      </SchemaBasedProperties>
    </Properties>
  </ViewAttribute>
  <ViewAttribute
    Name="Fornamn"
    PrecisionRule="true"
    EntityAttrName="Fornamn"
    EntityUsage="VJurperson"
    AliasName="FORNAMN">
    <Properties>
      <SchemaBasedProperties>
        <DISPLAYWIDTH
          Value="20"/>
      </SchemaBasedProperties>
    </Properties>
  </ViewAttribute>
  <ViewAttribute
    Name="Etternamn"
    PrecisionRule="true"
    EntityAttrName="Etternamn"
    EntityUsage="VJurperson"
    AliasName="ETTERNAMN">
    <Properties>
      <SchemaBasedProperties>
        <DISPLAYWIDTH
          Value="20"/>
      </SchemaBasedProperties>
    </Properties>
  </ViewAttribute>
  <ViewAttribute
    Name="Foodseldato"
    PrecisionRule="true"
    EntityAttrName="Foodseldato"
    EntityUsage="VJurperson"
    AliasName="FOODSELDATO">
    <Properties>
      <SchemaBasedProperties>
        <DISPLAYWIDTH
          Value="20"/>
      </SchemaBasedProperties>
    </Properties>
  </ViewAttribute>
  <ViewAttribute
    Name="Nationalidno"
    PrecisionRule="true"
    EntityAttrName="Nationalidno"
    EntityUsage="VJurperson"
    AliasName="NATIONALIDNO">
    <Properties>
      <SchemaBasedProperties>
        <DISPLAYWIDTH
          Value="20"/>
      </SchemaBasedProperties>
    </Properties>
  </ViewAttribute>
  <ViewAttribute
    Name="Foretaksnr"
    PrecisionRule="true"
    EntityAttrName="Foretaksnr"
    EntityUsage="VJurperson"
    AliasName="FORETAKSNR">
    <Properties>
      <SchemaBasedProperties>
        <DISPLAYWIDTH
          Value="20"/>
      </SchemaBasedProperties>
    </Properties>
  </ViewAttribute>
  <ViewLinkAccessor
    Name="VDokumentView"
    ViewLink="com.pocapp.enoro.model.am1.vo.CDokumentJurpersonidLink"
    Type="oracle.jbo.RowIterator"
    IsUpdateable="false"/>
  <ViewLinkAccessor
    Name="VJurpersonAdresseView"
    ViewLink="com.pocapp.enoro.model.am1.vo.CJurpersonAdresseJpidLink"
    Type="oracle.jbo.Row"
    IsUpdateable="false"/>
  <ViewLinkAccessor
    Name="VJurpersonConsumptionView"
    ViewLink="com.pocapp.enoro.model.am1.vo.CJurpersonConsumptionJpidLink"
    Type="oracle.jbo.RowIterator"
    IsUpdateable="false"/>
  <ViewLinkAccessor
    Name="VJurpersonDialogueView"
    ViewLink="com.pocapp.enoro.model.am1.vo.CJurpersonDialogueJpidLink"
    Type="oracle.jbo.RowIterator"
    IsUpdateable="false"/>
  <ViewLinkAccessor
    Name="VJurpersonFinancialView"
    ViewLink="com.pocapp.enoro.model.am1.vo.CJurpersonFinancialJpidLink"
    Type="oracle.jbo.Row"
    IsUpdateable="false"/>
  <ViewLinkAccessor
    Name="VJurpersonKontraktCntView"
    ViewLink="com.pocapp.enoro.model.am1.vo.CJurpersonKontraktCntLink"
    Type="oracle.jbo.Row"
    IsUpdateable="false"/>
  <ViewLinkAccessor
    Name="VKontraktView"
    ViewLink="com.pocapp.enoro.model.am1.vo.CKontraktKundenrLink"
    Type="oracle.jbo.RowIterator"
    IsUpdateable="false"/>
  <ViewLinkAccessor
    Name="VReskontroView"
    ViewLink="com.pocapp.enoro.model.am1.vo.CReskontroLink"
    Type="oracle.jbo.RowIterator"
    IsUpdateable="false"/>
</ViewObject>
