<?xml version="1.0" encoding="windows-1252" ?>
<!DOCTYPE ViewObject SYSTEM "jbo_03_01.dtd">
<!---->
<ViewObject
  xmlns="http://xmlns.oracle.com/bc4j"
  Name="VJurpersonFinancialView"
  Version="12.2.1.0.31"
  InheritPersonalization="merge"
  SelectListFlags="1"
  FromListFlags="1"
  WhereFlags="1"
  BindingStyle="OracleName"
  CustomQuery="false"
  SelectAllAttributes="false"
  PageIterMode="Full">
  <EntityUsage
    Name="VJurpersonFinancial"
    Entity="com.pocapp.enoro.model.am1.eo.VJurpersonFinancial"/>
  <ViewAttribute
    Name="Jurpersonid"
    IsNotNull="true"
    PrecisionRule="true"
    EntityAttrName="Jurpersonid"
    EntityUsage="VJurpersonFinancial"
    AliasName="JURPERSONID">
    <Properties>
      <SchemaBasedProperties>
        <DISPLAYWIDTH
          Value="20"/>
      </SchemaBasedProperties>
    </Properties>
  </ViewAttribute>
  <ViewAttribute
    Name="Kundesaldo"
    PrecisionRule="true"
    EntityAttrName="Kundesaldo"
    EntityUsage="VJurpersonFinancial"
    AliasName="KUNDESALDO">
    <Properties>
      <SchemaBasedProperties>
        <DISPLAYWIDTH
          Value="20"/>
      </SchemaBasedProperties>
    </Properties>
  </ViewAttribute>
  <ViewAttribute
    Name="Kundeinkasso"
    PrecisionRule="true"
    EntityAttrName="Kundeinkasso"
    EntityUsage="VJurpersonFinancial"
    AliasName="KUNDEINKASSO">
    <Properties>
      <SchemaBasedProperties>
        <DISPLAYWIDTH
          Value="20"/>
      </SchemaBasedProperties>
    </Properties>
  </ViewAttribute>
  <ViewAttribute
    Name="Kundeavskriving"
    PrecisionRule="true"
    EntityAttrName="Kundeavskriving"
    EntityUsage="VJurpersonFinancial"
    AliasName="KUNDEAVSKRIVING">
    <Properties>
      <SchemaBasedProperties>
        <DISPLAYWIDTH
          Value="20"/>
      </SchemaBasedProperties>
    </Properties>
  </ViewAttribute>
  <ViewAttribute
    Name="Kredittvurdering"
    PrecisionRule="true"
    EntityAttrName="Kredittvurdering"
    EntityUsage="VJurpersonFinancial"
    AliasName="KREDITTVURDERING">
    <Properties>
      <SchemaBasedProperties>
        <DISPLAYWIDTH
          Value="20"/>
      </SchemaBasedProperties>
    </Properties>
  </ViewAttribute>
  <ViewAttribute
    Name="Internrating"
    PrecisionRule="true"
    EntityAttrName="Internrating"
    EntityUsage="VJurpersonFinancial"
    AliasName="INTERNRATING">
    <Properties>
      <SchemaBasedProperties>
        <DISPLAYWIDTH
          Value="20"/>
      </SchemaBasedProperties>
    </Properties>
  </ViewAttribute>
</ViewObject>
