<?xml version="1.0" encoding="windows-1252" ?>
<!DOCTYPE ViewObject SYSTEM "jbo_03_01.dtd">
<!---->
<ViewObject
  xmlns="http://xmlns.oracle.com/bc4j"
  Name="VJurpersonAdresseView"
  Version="12.2.1.0.31"
  InheritPersonalization="merge"
  SelectListFlags="1"
  FromListFlags="1"
  WhereFlags="1"
  BindingStyle="OracleName"
  CustomQuery="false"
  SelectAllAttributes="false"
  PageIterMode="Full">
  <EntityUsage
    Name="VJurpersonAdresse"
    Entity="com.pocapp.enoro.model.am1.eo.VJurpersonAdresse"/>
  <ViewAttribute
    Name="Jurpersonid"
    IsNotNull="true"
    PrecisionRule="true"
    EntityAttrName="Jurpersonid"
    EntityUsage="VJurpersonAdresse"
    AliasName="JURPERSONID">
    <Properties>
      <SchemaBasedProperties>
        <DISPLAYWIDTH
          Value="20"/>
      </SchemaBasedProperties>
    </Properties>
  </ViewAttribute>
  <ViewAttribute
    Name="Adresse"
    PrecisionRule="true"
    EntityAttrName="Adresse"
    EntityUsage="VJurpersonAdresse"
    AliasName="ADRESSE">
    <Properties>
      <SchemaBasedProperties>
        <DISPLAYWIDTH
          Value="20"/>
      </SchemaBasedProperties>
    </Properties>
  </ViewAttribute>
  <ViewAttribute
    Name="Postboksnr"
    PrecisionRule="true"
    EntityAttrName="Postboksnr"
    EntityUsage="VJurpersonAdresse"
    AliasName="POSTBOKSNR">
    <Properties>
      <SchemaBasedProperties>
        <DISPLAYWIDTH
          Value="20"/>
      </SchemaBasedProperties>
    </Properties>
  </ViewAttribute>
  <ViewAttribute
    Name="Postnr"
    PrecisionRule="true"
    EntityAttrName="Postnr"
    EntityUsage="VJurpersonAdresse"
    AliasName="POSTNR">
    <Properties>
      <SchemaBasedProperties>
        <DISPLAYWIDTH
          Value="20"/>
      </SchemaBasedProperties>
    </Properties>
  </ViewAttribute>
  <ViewAttribute
    Name="Poststad"
    PrecisionRule="true"
    EntityAttrName="Poststad"
    EntityUsage="VJurpersonAdresse"
    AliasName="POSTSTAD">
    <Properties>
      <SchemaBasedProperties>
        <DISPLAYWIDTH
          Value="20"/>
      </SchemaBasedProperties>
    </Properties>
  </ViewAttribute>
  <ViewAttribute
    Name="Landkode"
    PrecisionRule="true"
    EntityAttrName="Landkode"
    EntityUsage="VJurpersonAdresse"
    AliasName="LANDKODE">
    <Properties>
      <SchemaBasedProperties>
        <DISPLAYWIDTH
          Value="20"/>
      </SchemaBasedProperties>
    </Properties>
  </ViewAttribute>
  <ViewAttribute
    Name="Landnavn"
    PrecisionRule="true"
    EntityAttrName="Landnavn"
    EntityUsage="VJurpersonAdresse"
    AliasName="LANDNAVN">
    <Properties>
      <SchemaBasedProperties>
        <DISPLAYWIDTH
          Value="20"/>
      </SchemaBasedProperties>
    </Properties>
  </ViewAttribute>
</ViewObject>
