<?xml version="1.0" encoding="windows-1252" ?>
<!DOCTYPE ViewObject SYSTEM "jbo_03_01.dtd">
<!---->
<ViewObject
  xmlns="http://xmlns.oracle.com/bc4j"
  Name="VKontraktView"
  Version="12.2.1.0.31"
  InheritPersonalization="merge"
  SelectListFlags="1"
  FromListFlags="1"
  WhereFlags="1"
  BindingStyle="OracleName"
  CustomQuery="false"
  SelectAllAttributes="false"
  PageIterMode="Full">
  <ViewAccessor
    Name="VKontraktstatusView1"
    ViewObjectName="com.pocapp.enoro.model.am1.vo.VKontraktstatusView"
    RowLevelBinds="true"/>
  <ViewAccessor
    Name="VKontraktgruppeView1"
    ViewObjectName="com.pocapp.enoro.model.am1.vo.VKontraktgruppeView"
    RowLevelBinds="true"/>
  <ListBinding
    Name="LOV_Valstatus"
    ListVOName="VKontraktstatusView1"
    ListRangeSize="-1"
    NullValueFlag="none"
    MRUCount="0">
    <AttrArray Name="AttrNames">
      <Item Value="Valstatus"/>
    </AttrArray>
    <AttrArray Name="AttrExpressions"/>
    <AttrArray Name="ListAttrNames">
      <Item Value="Valstatus"/>
    </AttrArray>
    <AttrArray Name="ListDisplayAttrNames">
      <Item Value="Status"/>
    </AttrArray>
    <DisplayCriteria/>
  </ListBinding>
  <ListBinding
    Name="LOV_Kontrgrnr"
    ListVOName="VKontraktgruppeView1"
    ListRangeSize="-1"
    NullValueFlag="none"
    MRUCount="0">
    <AttrArray Name="AttrNames">
      <Item Value="Kontrgrnr"/>
    </AttrArray>
    <AttrArray Name="AttrExpressions"/>
    <AttrArray Name="ListAttrNames">
      <Item Value="Kontrgrnr"/>
    </AttrArray>
    <AttrArray Name="ListDisplayAttrNames">
      <Item Value="Kontrgrnamn"/>
    </AttrArray>
    <DisplayCriteria/>
  </ListBinding>
  <EntityUsage
    Name="VKontrakt"
    Entity="com.pocapp.enoro.model.am1.eo.VKontrakt"/>
  <ViewAttribute
    Name="Kundenr"
    IsNotNull="true"
    PrecisionRule="true"
    EntityAttrName="Kundenr"
    EntityUsage="VKontrakt"
    AliasName="KUNDENR"/>
  <ViewAttribute
    Name="Kontraktnr"
    IsNotNull="true"
    PrecisionRule="true"
    EntityAttrName="Kontraktnr"
    EntityUsage="VKontrakt"
    AliasName="KONTRAKTNR"/>
  <ViewAttribute
    Name="Maalepktnr"
    PrecisionRule="true"
    EntityAttrName="Maalepktnr"
    EntityUsage="VKontrakt"
    AliasName="MAALEPKTNR"/>
  <ViewAttribute
    Name="Resknr"
    PrecisionRule="true"
    EntityAttrName="Resknr"
    EntityUsage="VKontrakt"
    AliasName="RESKNR"/>
  <ViewAttribute
    Name="Valstatus"
    IsNotNull="true"
    PrecisionRule="true"
    EntityAttrName="Valstatus"
    EntityUsage="VKontrakt"
    AliasName="VALSTATUS"
    LOVName="LOV_Valstatus">
    <Properties>
      <SchemaBasedProperties>
        <CONTROLTYPE
          Value="choice"/>
      </SchemaBasedProperties>
    </Properties>
  </ViewAttribute>
  <ViewAttribute
    Name="Kontrgrnr"
    IsNotNull="true"
    PrecisionRule="true"
    EntityAttrName="Kontrgrnr"
    EntityUsage="VKontrakt"
    AliasName="KONTRGRNR"
    LOVName="LOV_Kontrgrnr">
    <Properties>
      <SchemaBasedProperties>
        <CONTROLTYPE
          Value="choice"/>
      </SchemaBasedProperties>
    </Properties>
  </ViewAttribute>
  <ViewAttribute
    Name="Avrpuljenr"
    PrecisionRule="true"
    EntityAttrName="Avrpuljenr"
    EntityUsage="VKontrakt"
    AliasName="AVRPULJENR"/>
  <ViewAttribute
    Name="Kontrretur"
    PrecisionRule="true"
    EntityAttrName="Kontrretur"
    EntityUsage="VKontrakt"
    AliasName="KONTRRETUR"/>
  <ViewAttribute
    Name="Kontroppseiingdato"
    PrecisionRule="true"
    EntityAttrName="Kontroppseiingdato"
    EntityUsage="VKontrakt"
    AliasName="KONTROPPSEIINGDATO"/>
</ViewObject>
