<?xml version="1.0" encoding="windows-1252" ?>
<!DOCTYPE Association SYSTEM "jbo_03_01.dtd">
<!---->
<Association
  xmlns="http://xmlns.oracle.com/bc4j"
  Name="CKontraktKontraktgruppeAssoc"
  Version="12.2.1.0.31"
  InheritPersonalization="merge">
  <DesignTime>
    <Attr Name="_isCodegen" Value="true"/>
  </DesignTime>
  <AssociationEnd
    Name="VKontraktgruppe"
    Cardinality="1"
    Source="true"
    Owner="com.pocapp.enoro.model.am1.eo.VKontraktgruppe">
    <DesignTime>
      <Attr Name="_isUpdateable" Value="true"/>
      <Attr Name="_minCardinality" Value="1"/>
      <Attr Name="_aggregation" Value="0"/>
      <Attr Name="_finderName" Value="VKontraktgruppe"/>
      <Attr Name="_foreignKey" Value="com.pocapp.enoro.model.am1.eo.VKontraktgruppe.PkVKontraktgruppe"/>
    </DesignTime>
    <AttrArray Name="Attributes">
      <Item Value="com.pocapp.enoro.model.am1.eo.VKontraktgruppe.Kontrgrnr"/>
    </AttrArray>
  </AssociationEnd>
  <AssociationEnd
    Name="VKontrakt"
    Cardinality="-1"
    Owner="com.pocapp.enoro.model.am1.eo.VKontrakt">
    <DesignTime>
      <Attr Name="_isUpdateable" Value="true"/>
      <Attr Name="_aggregation" Value="0"/>
      <Attr Name="_finderName" Value="VKontrakt"/>
      <Attr Name="_foreignKey" Value="com.pocapp.enoro.model.am1.eo.VKontrakt.CKontraktKontraktgruppe"/>
    </DesignTime>
    <AttrArray Name="Attributes">
      <Item Value="com.pocapp.enoro.model.am1.eo.VKontrakt.Kontrgrnr"/>
    </AttrArray>
  </AssociationEnd>
</Association>
