<?xml version="1.0" encoding="windows-1252" ?>
<!DOCTYPE Association SYSTEM "jbo_03_01.dtd">
<!---->
<Association
  xmlns="http://xmlns.oracle.com/bc4j"
  Name="CKontraktAvrpuljeAssoc"
  Version="12.2.1.0.31"
  InheritPersonalization="merge">
  <DesignTime>
    <Attr Name="_isCodegen" Value="true"/>
  </DesignTime>
  <AssociationEnd
    Name="VAvrpulje"
    Cardinality="1"
    Source="true"
    Owner="com.pocapp.enoro.model.am1.eo.VAvrpulje">
    <DesignTime>
      <Attr Name="_isUpdateable" Value="true"/>
      <Attr Name="_aggregation" Value="0"/>
      <Attr Name="_finderName" Value="VAvrpulje"/>
      <Attr Name="_foreignKey" Value="com.pocapp.enoro.model.am1.eo.VAvrpulje.PkVAvrpulje"/>
    </DesignTime>
    <AttrArray Name="Attributes">
      <Item Value="com.pocapp.enoro.model.am1.eo.VAvrpulje.Avrpuljenr"/>
    </AttrArray>
  </AssociationEnd>
  <AssociationEnd
    Name="VKontrakt"
    Cardinality="-1"
    Owner="com.pocapp.enoro.model.am1.eo.VKontrakt">
    <DesignTime>
      <Attr Name="_isUpdateable" Value="true"/>
      <Attr Name="_aggregation" Value="0"/>
      <Attr Name="_finderName" Value="VKontrakt"/>
      <Attr Name="_foreignKey" Value="com.pocapp.enoro.model.am1.eo.VKontrakt.CKontraktAvrpulje"/>
    </DesignTime>
    <AttrArray Name="Attributes">
      <Item Value="com.pocapp.enoro.model.am1.eo.VKontrakt.Avrpuljenr"/>
    </AttrArray>
  </AssociationEnd>
</Association>
