<?xml version="1.0" encoding="windows-1252" ?>
<!DOCTYPE Association SYSTEM "jbo_03_01.dtd">
<!---->
<Association
  xmlns="http://xmlns.oracle.com/bc4j"
  Name="CKontraktKontraktstatusAssoc"
  Version="12.2.1.0.31"
  InheritPersonalization="merge">
  <DesignTime>
    <Attr Name="_isCodegen" Value="true"/>
  </DesignTime>
  <AssociationEnd
    Name="VKontraktstatus"
    Cardinality="1"
    Source="true"
    Owner="com.pocapp.enoro.model.am1.eo.VKontraktstatus">
    <DesignTime>
      <Attr Name="_isUpdateable" Value="true"/>
      <Attr Name="_minCardinality" Value="1"/>
      <Attr Name="_aggregation" Value="0"/>
      <Attr Name="_finderName" Value="VKontraktstatus"/>
      <Attr Name="_foreignKey" Value="com.pocapp.enoro.model.am1.eo.VKontraktstatus.PkVKontraktstatus"/>
    </DesignTime>
    <AttrArray Name="Attributes">
      <Item Value="com.pocapp.enoro.model.am1.eo.VKontraktstatus.Valstatus"/>
    </AttrArray>
  </AssociationEnd>
  <AssociationEnd
    Name="VKontrakt"
    Cardinality="-1"
    Owner="com.pocapp.enoro.model.am1.eo.VKontrakt">
    <DesignTime>
      <Attr Name="_isUpdateable" Value="true"/>
      <Attr Name="_aggregation" Value="0"/>
      <Attr Name="_finderName" Value="VKontrakt"/>
      <Attr Name="_foreignKey" Value="com.pocapp.enoro.model.am1.eo.VKontrakt.CKontraktKontraktstatus"/>
    </DesignTime>
    <AttrArray Name="Attributes">
      <Item Value="com.pocapp.enoro.model.am1.eo.VKontrakt.Valstatus"/>
    </AttrArray>
  </AssociationEnd>
</Association>
