<?xml version="1.0" encoding="windows-1252" ?>
<!DOCTYPE Association SYSTEM "jbo_03_01.dtd">
<!---->
<Association
  xmlns="http://xmlns.oracle.com/bc4j"
  Name="CReskontroAssoc"
  Version="12.2.1.0.31"
  InheritPersonalization="merge">
  <DesignTime>
    <Attr Name="_isCodegen" Value="true"/>
  </DesignTime>
  <AssociationEnd
    Name="VJurperson"
    Cardinality="1"
    Source="true"
    Owner="com.pocapp.enoro.model.am1.eo.VJurperson">
    <DesignTime>
      <Attr Name="_isUpdateable" Value="true"/>
      <Attr Name="_minCardinality" Value="1"/>
      <Attr Name="_aggregation" Value="0"/>
      <Attr Name="_finderName" Value="VJurperson"/>
      <Attr Name="_foreignKey" Value="com.pocapp.enoro.model.am1.eo.VJurperson.PkVLegalentityx"/>
    </DesignTime>
    <AttrArray Name="Attributes">
      <Item Value="com.pocapp.enoro.model.am1.eo.VJurperson.Jurpersonid"/>
    </AttrArray>
  </AssociationEnd>
  <AssociationEnd
    Name="VReskontro"
    Cardinality="-1"
    Owner="com.pocapp.enoro.model.am1.eo.VReskontro">
    <DesignTime>
      <Attr Name="_isUpdateable" Value="true"/>
      <Attr Name="_aggregation" Value="0"/>
      <Attr Name="_finderName" Value="VReskontro"/>
      <Attr Name="_foreignKey" Value="com.pocapp.enoro.model.am1.eo.VReskontro.CReskontro"/>
    </DesignTime>
    <AttrArray Name="Attributes">
      <Item Value="com.pocapp.enoro.model.am1.eo.VReskontro.Kundenr"/>
    </AttrArray>
  </AssociationEnd>
</Association>
