<?xml version="1.0" encoding="windows-1252" ?>
<!DOCTYPE Entity SYSTEM "jbo_03_01.dtd">
<!---->
<Entity
  xmlns="http://xmlns.oracle.com/bc4j"
  Name="VAvrpulje"
  Version="12.2.1.0.31"
  InheritPersonalization="merge"
  DBObjectType="table"
  DBObjectName="ADF.V_AVRPULJE"
  AliasName="VAvrpulje"
  BindingStyle="OracleName">
  <Attribute
    Name="Avrpuljenr"
    IsNotNull="true"
    Precision="3"
    Scale="0"
    ColumnName="AVRPULJENR"
    SQLType="NUMERIC"
    Type="java.lang.Integer"
    ColumnType="NUMBER"
    TableName="ADF.V_AVRPULJE"
    PrimaryKey="true"/>
  <Attribute
    Name="Avrpuljetekst"
    IsNotNull="true"
    Precision="30"
    ColumnName="AVRPULJETEKST"
    SQLType="VARCHAR"
    Type="java.lang.String"
    ColumnType="VARCHAR2"
    TableName="ADF.V_AVRPULJE">
    <DesignTime>
      <Attr Name="_DisplaySize" Value="30"/>
    </DesignTime>
  </Attribute>
  <AccessorAttribute
    Name="VKontrakt"
    Association="com.pocapp.enoro.model.am1.eo.CKontraktAvrpuljeAssoc"
    AssociationEnd="com.pocapp.enoro.model.am1.eo.CKontraktAvrpuljeAssoc.VKontrakt"
    AssociationOtherEnd="com.pocapp.enoro.model.am1.eo.CKontraktAvrpuljeAssoc.VAvrpulje"
    Type="oracle.jbo.RowIterator"
    IsUpdateable="false"/>
  <Key
    Name="PkVAvrpulje"
    PrimaryKey="true">
    <DesignTime>
      <Attr Name="_isDisabledConstraint" Value="true"/>
      <Attr Name="_DBObjectName" Value="PK_V_AVRPULJE"/>
    </DesignTime>
    <AttrArray Name="Attributes">
      <Item Value="com.pocapp.enoro.model.am1.eo.VAvrpulje.Avrpuljenr"/>
    </AttrArray>
  </Key>
</Entity>
