<?xml version="1.0" encoding="windows-1252" ?>
<!DOCTYPE Entity SYSTEM "jbo_03_01.dtd">
<!---->
<Entity
  xmlns="http://xmlns.oracle.com/bc4j"
  Name="VJurtype"
  Version="12.2.1.0.31"
  InheritPersonalization="merge"
  DBObjectType="table"
  DBObjectName="ADF.V_JURTYPE"
  AliasName="VJurtype"
  BindingStyle="OracleName">
  <Attribute
    Name="Jurtype"
    IsNotNull="true"
    Precision="3"
    Scale="0"
    ColumnName="JURTYPE"
    SQLType="NUMERIC"
    Type="java.lang.Integer"
    ColumnType="NUMBER"
    TableName="ADF.V_JURTYPE"
    PrimaryKey="true"/>
  <Attribute
    Name="Jurtypenamn"
    Precision="30"
    ColumnName="JURTYPENAMN"
    SQLType="VARCHAR"
    Type="java.lang.String"
    ColumnType="VARCHAR2"
    TableName="ADF.V_JURTYPE">
    <DesignTime>
      <Attr Name="_DisplaySize" Value="30"/>
    </DesignTime>
  </Attribute>
  <AccessorAttribute
    Name="VJurperson"
    Association="com.pocapp.enoro.model.am1.eo.CJurpersonJurtypeAssoc"
    AssociationEnd="com.pocapp.enoro.model.am1.eo.CJurpersonJurtypeAssoc.VJurperson"
    AssociationOtherEnd="com.pocapp.enoro.model.am1.eo.CJurpersonJurtypeAssoc.VJurtype"
    Type="oracle.jbo.RowIterator"
    IsUpdateable="false"/>
  <Key
    Name="PkVJurtype"
    PrimaryKey="true">
    <DesignTime>
      <Attr Name="_isDisabledConstraint" Value="true"/>
      <Attr Name="_DBObjectName" Value="PK_V_JURTYPE"/>
    </DesignTime>
    <AttrArray Name="Attributes">
      <Item Value="com.pocapp.enoro.model.am1.eo.VJurtype.Jurtype"/>
    </AttrArray>
  </Key>
</Entity>
