<?xml version="1.0" encoding="windows-1252" ?>
<!DOCTYPE Entity SYSTEM "jbo_03_01.dtd">
<!---->
<Entity
  xmlns="http://xmlns.oracle.com/bc4j"
  Name="VJurpersonConsumption"
  Version="12.2.1.0.31"
  InheritPersonalization="merge"
  DBObjectType="table"
  DBObjectName="ADF.V_JURPERSON_CONSUMPTION"
  AliasName="VJurpersonConsumption"
  BindingStyle="OracleName">
  <Attribute
    Name="Jurpersonid"
    IsNotNull="true"
    Precision="9"
    Scale="0"
    ColumnName="JURPERSONID"
    SQLType="NUMERIC"
    Type="java.lang.Integer"
    ColumnType="NUMBER"
    TableName="ADF.V_JURPERSON_CONSUMPTION"
    PrimaryKey="true"/>
  <Attribute
    Name="Week"
    Precision="7"
    ColumnName="WEEK"
    SQLType="VARCHAR"
    Type="java.lang.String"
    ColumnType="VARCHAR2"
    TableName="ADF.V_JURPERSON_CONSUMPTION"
    PrimaryKey="true">
    <DesignTime>
      <Attr Name="_DisplaySize" Value="7"/>
    </DesignTime>
  </Attribute>
  <Attribute
    Name="Consumption"
    ColumnName="CONSUMPTION"
    SQLType="NUMERIC"
    Type="java.math.BigDecimal"
    ColumnType="NUMBER"
    TableName="ADF.V_JURPERSON_CONSUMPTION"/>
  <AccessorAttribute
    Name="VJurperson"
    Association="com.pocapp.enoro.model.am1.eo.CJurpersonConsumptionJpidAssoc"
    AssociationEnd="com.pocapp.enoro.model.am1.eo.CJurpersonConsumptionJpidAssoc.VJurperson"
    AssociationOtherEnd="com.pocapp.enoro.model.am1.eo.CJurpersonConsumptionJpidAssoc.VJurpersonConsumption"
    Type="oracle.jbo.server.EntityImpl"
    IsUpdateable="true"/>
  <Key
    Name="PkVJurpersonConsumption"
    PrimaryKey="true">
    <DesignTime>
      <Attr Name="_isDisabledConstraint" Value="true"/>
      <Attr Name="_DBObjectName" Value="PK_V_JURPERSON_CONSUMPTION"/>
    </DesignTime>
    <AttrArray Name="Attributes">
      <Item Value="com.pocapp.enoro.model.am1.eo.VJurpersonConsumption.Jurpersonid"/>
      <Item Value="com.pocapp.enoro.model.am1.eo.VJurpersonConsumption.Week"/>
    </AttrArray>
  </Key>
  <Key
    Name="CJurpersonConsumptionJpid">
    <DesignTime>
      <Attr Name="_isDisabledConstraint" Value="true"/>
      <Attr Name="_referencedKey" Value="PK_V_LEGALENTITYX"/>
      <Attr Name="_isForeign" Value="true"/>
      <Attr Name="_DBObjectName" Value="C_JURPERSON_CONSUMPTION_JPID"/>
    </DesignTime>
    <AttrArray Name="Attributes">
      <Item Value="com.pocapp.enoro.model.am1.eo.VJurpersonConsumption.Jurpersonid"/>
    </AttrArray>
  </Key>
</Entity>
