<?xml version="1.0" encoding="windows-1252" ?>
<!DOCTYPE Entity SYSTEM "jbo_03_01.dtd">
<!---->
<Entity
  xmlns="http://xmlns.oracle.com/bc4j"
  Name="VJurpersonFinancial"
  Version="12.2.1.0.31"
  InheritPersonalization="merge"
  DBObjectType="table"
  DBObjectName="ADF.V_JURPERSON_FINANCIAL"
  AliasName="VJurpersonFinancial"
  BindingStyle="OracleName">
  <Attribute
    Name="Jurpersonid"
    IsNotNull="true"
    Precision="9"
    Scale="0"
    ColumnName="JURPERSONID"
    SQLType="NUMERIC"
    Type="java.lang.Integer"
    ColumnType="NUMBER"
    TableName="ADF.V_JURPERSON_FINANCIAL"
    PrimaryKey="true"/>
  <Attribute
    Name="Kundesaldo"
    ColumnName="KUNDESALDO"
    SQLType="NUMERIC"
    Type="java.math.BigDecimal"
    ColumnType="NUMBER"
    TableName="ADF.V_JURPERSON_FINANCIAL"/>
  <Attribute
    Name="Kundeinkasso"
    ColumnName="KUNDEINKASSO"
    SQLType="NUMERIC"
    Type="java.math.BigDecimal"
    ColumnType="NUMBER"
    TableName="ADF.V_JURPERSON_FINANCIAL"/>
  <Attribute
    Name="Kundeavskriving"
    ColumnName="KUNDEAVSKRIVING"
    SQLType="NUMERIC"
    Type="java.math.BigDecimal"
    ColumnType="NUMBER"
    TableName="ADF.V_JURPERSON_FINANCIAL"/>
  <Attribute
    Name="Kredittvurdering"
    Precision="6"
    ColumnName="KREDITTVURDERING"
    SQLType="VARCHAR"
    Type="java.lang.String"
    ColumnType="VARCHAR2"
    TableName="ADF.V_JURPERSON_FINANCIAL">
    <DesignTime>
      <Attr Name="_DisplaySize" Value="6"/>
    </DesignTime>
  </Attribute>
  <Attribute
    Name="Internrating"
    Precision="9"
    ColumnName="INTERNRATING"
    SQLType="VARCHAR"
    Type="java.lang.String"
    ColumnType="VARCHAR2"
    TableName="ADF.V_JURPERSON_FINANCIAL">
    <DesignTime>
      <Attr Name="_DisplaySize" Value="9"/>
    </DesignTime>
  </Attribute>
  <AccessorAttribute
    Name="VJurperson"
    Association="com.pocapp.enoro.model.am1.eo.CJurpersonFinancialJpidAssoc"
    AssociationEnd="com.pocapp.enoro.model.am1.eo.CJurpersonFinancialJpidAssoc.VJurperson"
    AssociationOtherEnd="com.pocapp.enoro.model.am1.eo.CJurpersonFinancialJpidAssoc.VJurpersonFinancial"
    Type="oracle.jbo.server.EntityImpl"
    IsUpdateable="true"/>
  <Key
    Name="PkVJurpersonFinancial"
    PrimaryKey="true">
    <DesignTime>
      <Attr Name="_isDisabledConstraint" Value="true"/>
      <Attr Name="_DBObjectName" Value="PK_V_JURPERSON_FINANCIAL"/>
    </DesignTime>
    <AttrArray Name="Attributes">
      <Item Value="com.pocapp.enoro.model.am1.eo.VJurpersonFinancial.Jurpersonid"/>
    </AttrArray>
  </Key>
  <Key
    Name="CJurpersonFinancialJpid">
    <DesignTime>
      <Attr Name="_isDisabledConstraint" Value="true"/>
      <Attr Name="_referencedKey" Value="PK_V_LEGALENTITYX"/>
      <Attr Name="_isForeign" Value="true"/>
      <Attr Name="_DBObjectName" Value="C_JURPERSON_FINANCIAL_JPID"/>
    </DesignTime>
    <AttrArray Name="Attributes">
      <Item Value="com.pocapp.enoro.model.am1.eo.VJurpersonFinancial.Jurpersonid"/>
    </AttrArray>
  </Key>
</Entity>
