<?xml version="1.0" encoding="windows-1252" ?>
<!DOCTYPE Entity SYSTEM "jbo_03_01.dtd">
<!---->
<Entity
  xmlns="http://xmlns.oracle.com/bc4j"
  Name="VJurpersonDialogue"
  Version="12.2.1.0.31"
  InheritPersonalization="merge"
  DBObjectType="table"
  DBObjectName="ADF.V_JURPERSON_DIALOGUE"
  AliasName="VJurpersonDialogue"
  BindingStyle="OracleName">
  <Attribute
    Name="Jurpersonid"
    Precision="9"
    Scale="0"
    ColumnName="JURPERSONID"
    SQLType="NUMERIC"
    Type="java.lang.Integer"
    ColumnType="NUMBER"
    TableName="ADF.V_JURPERSON_DIALOGUE"
    PrimaryKey="true"/>
  <Attribute
    Name="Kilde"
    Precision="4"
    ColumnName="KILDE"
    SQLType="VARCHAR"
    Type="java.lang.String"
    ColumnType="VARCHAR2"
    TableName="ADF.V_JURPERSON_DIALOGUE"
    PrimaryKey="true">
    <DesignTime>
      <Attr Name="_DisplaySize" Value="4"/>
    </DesignTime>
  </Attribute>
  <Attribute
    Name="Loggdatotidny"
    ColumnName="LOGGDATOTIDNY"
    SQLType="DATE"
    Type="java.sql.Timestamp"
    ColumnType="DATE"
    TableName="ADF.V_JURPERSON_DIALOGUE"
    PrimaryKey="true"/>
  <Attribute
    Name="Emne"
    Precision="2000"
    ColumnName="EMNE"
    SQLType="VARCHAR"
    Type="java.lang.String"
    ColumnType="VARCHAR2"
    TableName="ADF.V_JURPERSON_DIALOGUE">
    <DesignTime>
      <Attr Name="_DisplaySize" Value="2000"/>
    </DesignTime>
  </Attribute>
  <AccessorAttribute
    Name="VJurperson"
    Association="com.pocapp.enoro.model.am1.eo.CJurpersonDialogueJpidAssoc"
    AssociationEnd="com.pocapp.enoro.model.am1.eo.CJurpersonDialogueJpidAssoc.VJurperson"
    AssociationOtherEnd="com.pocapp.enoro.model.am1.eo.CJurpersonDialogueJpidAssoc.VJurpersonDialogue"
    Type="oracle.jbo.server.EntityImpl"
    IsUpdateable="true"/>
  <Key
    Name="PkVJurpersonDialogue"
    PrimaryKey="true">
    <DesignTime>
      <Attr Name="_isDisabledConstraint" Value="true"/>
      <Attr Name="_DBObjectName" Value="PK_V_JURPERSON_DIALOGUE"/>
    </DesignTime>
    <AttrArray Name="Attributes">
      <Item Value="com.pocapp.enoro.model.am1.eo.VJurpersonDialogue.Jurpersonid"/>
      <Item Value="com.pocapp.enoro.model.am1.eo.VJurpersonDialogue.Kilde"/>
      <Item Value="com.pocapp.enoro.model.am1.eo.VJurpersonDialogue.Loggdatotidny"/>
    </AttrArray>
  </Key>
  <Key
    Name="CJurpersonDialogueJpid">
    <DesignTime>
      <Attr Name="_isDisabledConstraint" Value="true"/>
      <Attr Name="_referencedKey" Value="PK_V_LEGALENTITYX"/>
      <Attr Name="_isForeign" Value="true"/>
      <Attr Name="_DBObjectName" Value="C_JURPERSON_DIALOGUE_JPID"/>
    </DesignTime>
    <AttrArray Name="Attributes">
      <Item Value="com.pocapp.enoro.model.am1.eo.VJurpersonDialogue.Jurpersonid"/>
    </AttrArray>
  </Key>
</Entity>
