<?xml version="1.0" encoding="windows-1252" ?>
<!DOCTYPE Entity SYSTEM "jbo_03_01.dtd">
<!---->
<Entity
  xmlns="http://xmlns.oracle.com/bc4j"
  Name="VJurpersonKontraktCnt"
  Version="12.2.1.0.31"
  InheritPersonalization="merge"
  DBObjectType="table"
  DBObjectName="ADF.V_JURPERSON_KONTRAKT_CNT"
  AliasName="VJurpersonKontraktCnt"
  BindingStyle="OracleName">
  <Attribute
    Name="Jurpersonid"
    IsNotNull="true"
    Precision="9"
    Scale="0"
    ColumnName="JURPERSONID"
    SQLType="NUMERIC"
    Type="java.lang.Integer"
    ColumnType="NUMBER"
    TableName="ADF.V_JURPERSON_KONTRAKT_CNT"
    PrimaryKey="true"/>
  <Attribute
    Name="Straum"
    ColumnName="STRAUM"
    SQLType="NUMERIC"
    Type="java.math.BigDecimal"
    ColumnType="NUMBER"
    TableName="ADF.V_JURPERSON_KONTRAKT_CNT"/>
  <Attribute
    Name="Breiband"
    ColumnName="BREIBAND"
    SQLType="NUMERIC"
    Type="java.math.BigDecimal"
    ColumnType="NUMBER"
    TableName="ADF.V_JURPERSON_KONTRAKT_CNT"/>
  <Attribute
    Name="Videoleige"
    ColumnName="VIDEOLEIGE"
    SQLType="NUMERIC"
    Type="java.math.BigDecimal"
    ColumnType="NUMBER"
    TableName="ADF.V_JURPERSON_KONTRAKT_CNT"/>
  <Attribute
    Name="Fjernvarme"
    ColumnName="FJERNVARME"
    SQLType="NUMERIC"
    Type="java.math.BigDecimal"
    ColumnType="NUMBER"
    TableName="ADF.V_JURPERSON_KONTRAKT_CNT"/>
  <AccessorAttribute
    Name="VJurperson"
    Association="com.pocapp.enoro.model.am1.eo.CJurpersonKontraktCntAssoc"
    AssociationEnd="com.pocapp.enoro.model.am1.eo.CJurpersonKontraktCntAssoc.VJurperson"
    AssociationOtherEnd="com.pocapp.enoro.model.am1.eo.CJurpersonKontraktCntAssoc.VJurpersonKontraktCnt"
    Type="oracle.jbo.server.EntityImpl"
    IsUpdateable="true"/>
  <Key
    Name="PkVJurpersonKontraktCnt"
    PrimaryKey="true">
    <DesignTime>
      <Attr Name="_isDisabledConstraint" Value="true"/>
      <Attr Name="_DBObjectName" Value="PK_V_JURPERSON_KONTRAKT_CNT"/>
    </DesignTime>
    <AttrArray Name="Attributes">
      <Item Value="com.pocapp.enoro.model.am1.eo.VJurpersonKontraktCnt.Jurpersonid"/>
    </AttrArray>
  </Key>
  <Key
    Name="CJurpersonKontraktCnt">
    <DesignTime>
      <Attr Name="_isDisabledConstraint" Value="true"/>
      <Attr Name="_referencedKey" Value="PK_V_LEGALENTITYX"/>
      <Attr Name="_isForeign" Value="true"/>
      <Attr Name="_DBObjectName" Value="C_JURPERSON_KONTRAKT_CNT"/>
    </DesignTime>
    <AttrArray Name="Attributes">
      <Item Value="com.pocapp.enoro.model.am1.eo.VJurpersonKontraktCnt.Jurpersonid"/>
    </AttrArray>
  </Key>
</Entity>
