<?xml version="1.0" encoding="windows-1252" ?>
<!DOCTYPE Entity SYSTEM "jbo_03_01.dtd">
<!---->
<Entity
  xmlns="http://xmlns.oracle.com/bc4j"
  Name="VKontraktgruppe"
  Version="12.2.1.0.31"
  InheritPersonalization="merge"
  DBObjectType="table"
  DBObjectName="ADF.V_KONTRAKTGRUPPE"
  AliasName="VKontraktgruppe"
  BindingStyle="OracleName">
  <Attribute
    Name="Kontrgrnr"
    IsNotNull="true"
    Precision="9"
    Scale="0"
    ColumnName="KONTRGRNR"
    SQLType="NUMERIC"
    Type="java.lang.Integer"
    ColumnType="NUMBER"
    TableName="ADF.V_KONTRAKTGRUPPE"
    PrimaryKey="true"/>
  <Attribute
    Name="Kontrgrnamn"
    IsNotNull="true"
    Precision="30"
    ColumnName="KONTRGRNAMN"
    SQLType="VARCHAR"
    Type="java.lang.String"
    ColumnType="VARCHAR2"
    TableName="ADF.V_KONTRAKTGRUPPE">
    <DesignTime>
      <Attr Name="_DisplaySize" Value="30"/>
    </DesignTime>
  </Attribute>
  <AccessorAttribute
    Name="VKontrakt"
    Association="com.pocapp.enoro.model.am1.eo.CKontraktKontraktgruppeAssoc"
    AssociationEnd="com.pocapp.enoro.model.am1.eo.CKontraktKontraktgruppeAssoc.VKontrakt"
    AssociationOtherEnd="com.pocapp.enoro.model.am1.eo.CKontraktKontraktgruppeAssoc.VKontraktgruppe"
    Type="oracle.jbo.RowIterator"
    IsUpdateable="false"/>
  <Key
    Name="PkVKontraktgruppe"
    PrimaryKey="true">
    <DesignTime>
      <Attr Name="_isDisabledConstraint" Value="true"/>
      <Attr Name="_DBObjectName" Value="PK_V_KONTRAKTGRUPPE"/>
    </DesignTime>
    <AttrArray Name="Attributes">
      <Item Value="com.pocapp.enoro.model.am1.eo.VKontraktgruppe.Kontrgrnr"/>
    </AttrArray>
  </Key>
</Entity>
