<?xml version="1.0" encoding="windows-1252" ?>
<!DOCTYPE Entity SYSTEM "jbo_03_01.dtd">
<!---->
<Entity
  xmlns="http://xmlns.oracle.com/bc4j"
  Name="VKontraktstatus"
  Version="12.2.1.0.31"
  InheritPersonalization="merge"
  DBObjectType="table"
  DBObjectName="ADF.V_KONTRAKTSTATUS"
  AliasName="VKontraktstatus"
  BindingStyle="OracleName">
  <Attribute
    Name="Valstatus"
    IsNotNull="true"
    Precision="1"
    ColumnName="VALSTATUS"
    SQLType="CHAR"
    Type="java.lang.String"
    ColumnType="CHAR"
    TableName="ADF.V_KONTRAKTSTATUS"
    PrimaryKey="true"
    RetrievedOnUpdate="true"
    RetrievedOnInsert="true">
    <DesignTime>
      <Attr Name="_DisplaySize" Value="1"/>
    </DesignTime>
  </Attribute>
  <Attribute
    Name="Status"
    IsNotNull="true"
    Precision="255"
    ColumnName="STATUS"
    SQLType="VARCHAR"
    Type="java.lang.String"
    ColumnType="VARCHAR2"
    TableName="ADF.V_KONTRAKTSTATUS">
    <DesignTime>
      <Attr Name="_DisplaySize" Value="255"/>
    </DesignTime>
  </Attribute>
  <AccessorAttribute
    Name="VKontrakt"
    Association="com.pocapp.enoro.model.am1.eo.CKontraktKontraktstatusAssoc"
    AssociationEnd="com.pocapp.enoro.model.am1.eo.CKontraktKontraktstatusAssoc.VKontrakt"
    AssociationOtherEnd="com.pocapp.enoro.model.am1.eo.CKontraktKontraktstatusAssoc.VKontraktstatus"
    Type="oracle.jbo.RowIterator"
    IsUpdateable="false"/>
  <Key
    Name="PkVKontraktstatus"
    PrimaryKey="true">
    <DesignTime>
      <Attr Name="_isDisabledConstraint" Value="true"/>
      <Attr Name="_DBObjectName" Value="PK_V_KONTRAKTSTATUS"/>
    </DesignTime>
    <AttrArray Name="Attributes">
      <Item Value="com.pocapp.enoro.model.am1.eo.VKontraktstatus.Valstatus"/>
    </AttrArray>
  </Key>
</Entity>
