<?xml version="1.0" encoding="windows-1252" ?>
<!DOCTYPE Entity SYSTEM "jbo_03_01.dtd">
<!---->
<Entity
  xmlns="http://xmlns.oracle.com/bc4j"
  Name="VReskontro"
  Version="12.2.1.0.31"
  InheritPersonalization="merge"
  DBObjectType="table"
  DBObjectName="ADF.V_RESKONTRO"
  AliasName="VReskontro"
  BindingStyle="OracleName">
  <Attribute
    Name="Kundenr"
    IsNotNull="true"
    Precision="9"
    Scale="0"
    ColumnName="KUNDENR"
    SQLType="NUMERIC"
    Type="java.lang.Integer"
    ColumnType="NUMBER"
    TableName="ADF.V_RESKONTRO"
    PrimaryKey="true"/>
  <Attribute
    Name="Resknr"
    IsNotNull="true"
    Precision="4"
    Scale="0"
    ColumnName="RESKNR"
    SQLType="NUMERIC"
    Type="java.lang.Integer"
    ColumnType="NUMBER"
    TableName="ADF.V_RESKONTRO"
    PrimaryKey="true"/>
  <Attribute
    Name="Reskgrpnr"
    IsNotNull="true"
    Precision="9"
    Scale="0"
    ColumnName="RESKGRPNR"
    SQLType="NUMERIC"
    Type="java.lang.Integer"
    ColumnType="NUMBER"
    TableName="ADF.V_RESKONTRO"/>
  <Attribute
    Name="Saldo"
    Precision="11"
    Scale="2"
    ColumnName="SALDO"
    SQLType="NUMERIC"
    Type="java.math.BigDecimal"
    ColumnType="NUMBER"
    TableName="ADF.V_RESKONTRO"/>
  <AccessorAttribute
    Name="VJurperson"
    Association="com.pocapp.enoro.model.am1.eo.CReskontroAssoc"
    AssociationEnd="com.pocapp.enoro.model.am1.eo.CReskontroAssoc.VJurperson"
    AssociationOtherEnd="com.pocapp.enoro.model.am1.eo.CReskontroAssoc.VReskontro"
    Type="oracle.jbo.server.EntityImpl"
    IsUpdateable="true"/>
  <AccessorAttribute
    Name="VReskontroGruppe"
    Association="com.pocapp.enoro.model.am1.eo.CReskontroReskgrpnrAssoc"
    AssociationEnd="com.pocapp.enoro.model.am1.eo.CReskontroReskgrpnrAssoc.VReskontroGruppe"
    AssociationOtherEnd="com.pocapp.enoro.model.am1.eo.CReskontroReskgrpnrAssoc.VReskontro"
    Type="oracle.jbo.server.EntityImpl"
    IsUpdateable="true"/>
  <Key
    Name="PkVReskontro"
    PrimaryKey="true">
    <DesignTime>
      <Attr Name="_isDisabledConstraint" Value="true"/>
      <Attr Name="_DBObjectName" Value="PK_V_RESKONTRO"/>
    </DesignTime>
    <AttrArray Name="Attributes">
      <Item Value="com.pocapp.enoro.model.am1.eo.VReskontro.Kundenr"/>
      <Item Value="com.pocapp.enoro.model.am1.eo.VReskontro.Resknr"/>
    </AttrArray>
  </Key>
  <Key
    Name="CReskontro">
    <DesignTime>
      <Attr Name="_isDisabledConstraint" Value="true"/>
      <Attr Name="_referencedKey" Value="PK_V_LEGALENTITYX"/>
      <Attr Name="_isForeign" Value="true"/>
      <Attr Name="_DBObjectName" Value="C_RESKONTRO"/>
    </DesignTime>
    <AttrArray Name="Attributes">
      <Item Value="com.pocapp.enoro.model.am1.eo.VReskontro.Kundenr"/>
    </AttrArray>
  </Key>
  <Key
    Name="CReskontroReskgrpnr">
    <DesignTime>
      <Attr Name="_isDisabledConstraint" Value="true"/>
      <Attr Name="_referencedKey" Value="PK_V_RESKONTRO_GRUPPE"/>
      <Attr Name="_isForeign" Value="true"/>
      <Attr Name="_DBObjectName" Value="C_RESKONTRO_RESKGRPNR"/>
    </DesignTime>
    <AttrArray Name="Attributes">
      <Item Value="com.pocapp.enoro.model.am1.eo.VReskontro.Reskgrpnr"/>
    </AttrArray>
  </Key>
</Entity>
