<?xml version="1.0" encoding="windows-1252" ?>
<!DOCTYPE Entity SYSTEM "jbo_03_01.dtd">
<!---->
<Entity
  xmlns="http://xmlns.oracle.com/bc4j"
  Name="VReskontroGruppe"
  Version="12.2.1.0.31"
  InheritPersonalization="merge"
  DBObjectType="table"
  DBObjectName="ADF.V_RESKONTRO_GRUPPE"
  AliasName="VReskontroGruppe"
  BindingStyle="OracleName">
  <Attribute
    Name="Reskgrpnr"
    IsNotNull="true"
    Precision="9"
    Scale="0"
    ColumnName="RESKGRPNR"
    SQLType="NUMERIC"
    Type="java.lang.Integer"
    ColumnType="NUMBER"
    TableName="ADF.V_RESKONTRO_GRUPPE"
    PrimaryKey="true"/>
  <Attribute
    Name="Reskgrpnamn"
    Precision="30"
    ColumnName="RESKGRPNAMN"
    SQLType="VARCHAR"
    Type="java.lang.String"
    ColumnType="VARCHAR2"
    TableName="ADF.V_RESKONTRO_GRUPPE">
    <DesignTime>
      <Attr Name="_DisplaySize" Value="30"/>
    </DesignTime>
  </Attribute>
  <AccessorAttribute
    Name="VReskontro"
    Association="com.pocapp.enoro.model.am1.eo.CReskontroReskgrpnrAssoc"
    AssociationEnd="com.pocapp.enoro.model.am1.eo.CReskontroReskgrpnrAssoc.VReskontro"
    AssociationOtherEnd="com.pocapp.enoro.model.am1.eo.CReskontroReskgrpnrAssoc.VReskontroGruppe"
    Type="oracle.jbo.RowIterator"
    IsUpdateable="false"/>
  <Key
    Name="PkVReskontroGruppe"
    PrimaryKey="true">
    <DesignTime>
      <Attr Name="_isDisabledConstraint" Value="true"/>
      <Attr Name="_DBObjectName" Value="PK_V_RESKONTRO_GRUPPE"/>
    </DesignTime>
    <AttrArray Name="Attributes">
      <Item Value="com.pocapp.enoro.model.am1.eo.VReskontroGruppe.Reskgrpnr"/>
    </AttrArray>
  </Key>
</Entity>
